,TEAM_VALUE,CHAMPION,MVP_TEAM,RWIN,PLAYER_EXP
TEAM_VALUE,1.0,0.01645248582088288,-0.07661302521822112,0.1753233082404433,0.6306746046353265
CHAMPION,0.01645248582088288,1.0,0.2294520547945206,0.2538264500844826,0.053160779864825314
MVP_TEAM,-0.07661302521822112,0.2294520547945206,1.0,0.21634708009569265,-0.008460972526989559
RWIN,0.1753233082404433,0.2538264500844826,0.21634708009569265,1.0,0.14125534534151613
PLAYER_EXP,0.6306746046353265,0.053160779864825314,-0.008460972526989559,0.14125534534151613,1.0
