{
  "PG": {
    "means": {
      "G": 3.260532072944514,
      "FG": 2.1551225317246256,
      "FGA": 2.9551379481584927,
      "eFG": 0.7946387896622052,
      "TOV": -1.4637944646377816,
      "PF": -1.5810473194064845,
      "ORtg": 110.90588235294118,
      "DRtg": 16.268579791598686
    },
    "stds": {
      "G": 0.7219943208843224,
      "FG": 0.33360169559574815,
      "FGA": 0.2867012035066005,
      "eFG": 0.0713619126268814,
      "TOV": 0.2947156487006433,
      "PF": 0.22193946722937608,
      "ORtg": 12.333239190388534,
      "DRtg": 7.504043020319254
    },
    "drtg_max": 127.0
  },
  "SG": {
    "means": {
      "G": 3.2839843891894214,
      "FG": 2.02464367675177,
      "FGA": 2.8050517469402134,
      "eFG": 0.8031626329815179,
      "TOV": -1.178158437624966,
      "PF": -1.5550613615807019,
      "ORtg": 111.88059701492537,
      "DRtg": 9.432835820895523
    },
    "stds": {
      "G": 0.6610609936350045,
      "FG": 0.3182502950272599,
      "FGA": 0.2930409671173446,
      "eFG": 0.09383865311840736,
      "TOV": 0.32120114505382746,
      "PF": 0.25863370101797367,
      "ORtg": 14.8906686076842,
      "DRtg": 4.7354612711600925
    },
    "drtg_max": 126.0
  },
  "SF": {
    "means": {
      "G": 3.3249687472580707,
      "FG": 2.139273865639539,
      "FGA": 2.867706976240882,
      "eFG": 0.8200376837111877,
      "TOV": -1.2435883845474758,
      "PF": -1.6395570130589026,
      "ORtg": 113.28571428571429,
      "DRtg": 11.857142857142858
    },
    "stds": {
      "G": 0.6143824482987369,
      "FG": 0.3076735188146507,
      "FGA": 0.2771827286102282,
      "eFG": 0.07428473340734812,
      "TOV": 0.2850325707352423,
      "PF": 0.30232366117783044,
      "ORtg": 11.578006541663678,
      "DRtg": 4.5175395145262565
    },
    "drtg_max": 128.0
  },
  "PF": {
    "means": {
      "G": 3.2348522272997937,
      "FG": 2.041837577165374,
      "FGA": 2.776938788432689,
      "eFG": 0.8050431841234407,
      "TOV": -1.1765975904110526,
      "PF": -1.6765266670895305,
      "ORtg": 113.47422680412372,
      "DRtg": 13.587628865979381
    },
    "stds": {
      "G": 0.736783106766373,
      "FG": 0.3844119059986895,
      "FGA": 0.2811517127036768,
      "eFG": 0.12060166023145803,
      "TOV": 0.26324079015461493,
      "PF": 0.2865184979255374,
      "ORtg": 14.881728078006773,
      "DRtg": 4.576390729568686
    },
    "drtg_max": 129.0
  },
  "C": {
    "means": {
      "G": 3.223526128808432,
      "FG": 2.0919379793768464,
      "FGA": 2.655353441450115,
      "eFG": 0.8738126799495124,
      "TOV": -1.2811740856591354,
      "PF": -1.8277907561820836,
      "ORtg": 120.18,
      "DRtg": 41.11269881597454
    },
    "stds": {
      "G": 0.7224638100140685,
      "FG": 0.34892706040989163,
      "FGA": 0.3758506041221224,
      "eFG": 0.1318057388407094,
      "TOV": 0.27281519521428105,
      "PF": 0.24685361786875362,
      "ORtg": 14.738643085440396,
      "DRtg": 21.56932998651017
    },
    "drtg_max": 125.0
  }
}